arg,kp,dropped,score
`people reach their limit when it comes to their quality of life and should be able to end their suffering. this can be done with little or no suffering by assistance and the person is able to say good bye.,Assisted suicide gives dignity to the person that wants to commit it,[],0.2112453132867813
`people reach their limit when it comes to their quality of life and should be able to end their suffering. this can be done with little or no suffering by assistance and the person is able to say good bye.,Assisted suicide gives dignity to the person that wants to commit it,[],0.2112453132867813
`people reach their limit when it comes to their quality of life and should be able to end their suffering. this can be done with little or no suffering by assistance and the person is able to say good bye.,Assisted suicide gives dignity to the person that wants to commit it,['people'],0.07342921197414398
`people reach their limit when it comes to their quality of life and should be able to end their suffering. this can be done with little or no suffering by assistance and the person is able to say good bye.,Assisted suicide gives dignity to the person that wants to commit it,['Ġreach'],0.1792767196893692
`people reach their limit when it comes to their quality of life and should be able to end their suffering. this can be done with little or no suffering by assistance and the person is able to say good bye.,Assisted suicide gives dignity to the person that wants to commit it,['Ġtheir'],0.14322082698345184
`people reach their limit when it comes to their quality of life and should be able to end their suffering. this can be done with little or no suffering by assistance and the person is able to say good bye.,Assisted suicide gives dignity to the person that wants to commit it,['Ġlimit'],0.10932298004627228
`people reach their limit when it comes to their quality of life and should be able to end their suffering. this can be done with little or no suffering by assistance and the person is able to say good bye.,Assisted suicide gives dignity to the person that wants to commit it,['Ġwhen'],0.19913773238658905
`people reach their limit when it comes to their quality of life and should be able to end their suffering. this can be done with little or no suffering by assistance and the person is able to say good bye.,Assisted suicide gives dignity to the person that wants to commit it,['Ġit'],0.17266885936260223
`people reach their limit when it comes to their quality of life and should be able to end their suffering. this can be done with little or no suffering by assistance and the person is able to say good bye.,Assisted suicide gives dignity to the person that wants to commit it,['Ġcomes'],0.2358403205871582
`people reach their limit when it comes to their quality of life and should be able to end their suffering. this can be done with little or no suffering by assistance and the person is able to say good bye.,Assisted suicide gives dignity to the person that wants to commit it,['Ġto'],0.19855213165283203
`people reach their limit when it comes to their quality of life and should be able to end their suffering. this can be done with little or no suffering by assistance and the person is able to say good bye.,Assisted suicide gives dignity to the person that wants to commit it,['Ġtheir'],0.2096801996231079
`people reach their limit when it comes to their quality of life and should be able to end their suffering. this can be done with little or no suffering by assistance and the person is able to say good bye.,Assisted suicide gives dignity to the person that wants to commit it,['Ġquality'],0.21418629586696625
`people reach their limit when it comes to their quality of life and should be able to end their suffering. this can be done with little or no suffering by assistance and the person is able to say good bye.,Assisted suicide gives dignity to the person that wants to commit it,['Ġof'],0.25155213475227356
`people reach their limit when it comes to their quality of life and should be able to end their suffering. this can be done with little or no suffering by assistance and the person is able to say good bye.,Assisted suicide gives dignity to the person that wants to commit it,['Ġlife'],0.20558172464370728
`people reach their limit when it comes to their quality of life and should be able to end their suffering. this can be done with little or no suffering by assistance and the person is able to say good bye.,Assisted suicide gives dignity to the person that wants to commit it,['Ġand'],0.05712925270199776
`people reach their limit when it comes to their quality of life and should be able to end their suffering. this can be done with little or no suffering by assistance and the person is able to say good bye.,Assisted suicide gives dignity to the person that wants to commit it,['Ġshould'],0.02203548699617386
`people reach their limit when it comes to their quality of life and should be able to end their suffering. this can be done with little or no suffering by assistance and the person is able to say good bye.,Assisted suicide gives dignity to the person that wants to commit it,['Ġbe'],0.1946963369846344
`people reach their limit when it comes to their quality of life and should be able to end their suffering. this can be done with little or no suffering by assistance and the person is able to say good bye.,Assisted suicide gives dignity to the person that wants to commit it,['Ġable'],0.04884764552116394
`people reach their limit when it comes to their quality of life and should be able to end their suffering. this can be done with little or no suffering by assistance and the person is able to say good bye.,Assisted suicide gives dignity to the person that wants to commit it,['Ġto'],0.20860527455806732
`people reach their limit when it comes to their quality of life and should be able to end their suffering. this can be done with little or no suffering by assistance and the person is able to say good bye.,Assisted suicide gives dignity to the person that wants to commit it,['Ġend'],0.08394506573677063
`people reach their limit when it comes to their quality of life and should be able to end their suffering. this can be done with little or no suffering by assistance and the person is able to say good bye.,Assisted suicide gives dignity to the person that wants to commit it,['Ġtheir'],0.092391736805439
`people reach their limit when it comes to their quality of life and should be able to end their suffering. this can be done with little or no suffering by assistance and the person is able to say good bye.,Assisted suicide gives dignity to the person that wants to commit it,['Ġsuffering'],0.6177442073822021
`people reach their limit when it comes to their quality of life and should be able to end their suffering. this can be done with little or no suffering by assistance and the person is able to say good bye.,Assisted suicide gives dignity to the person that wants to commit it,[],0.2112453132867813
`people reach their limit when it comes to their quality of life and should be able to end their suffering. this can be done with little or no suffering by assistance and the person is able to say good bye.,Assisted suicide gives dignity to the person that wants to commit it,['Ġthis'],0.05763057991862297
`people reach their limit when it comes to their quality of life and should be able to end their suffering. this can be done with little or no suffering by assistance and the person is able to say good bye.,Assisted suicide gives dignity to the person that wants to commit it,['Ġcan'],0.17560550570487976
`people reach their limit when it comes to their quality of life and should be able to end their suffering. this can be done with little or no suffering by assistance and the person is able to say good bye.,Assisted suicide gives dignity to the person that wants to commit it,['Ġbe'],0.28018420934677124
`people reach their limit when it comes to their quality of life and should be able to end their suffering. this can be done with little or no suffering by assistance and the person is able to say good bye.,Assisted suicide gives dignity to the person that wants to commit it,['Ġdone'],0.05345352739095688
`people reach their limit when it comes to their quality of life and should be able to end their suffering. this can be done with little or no suffering by assistance and the person is able to say good bye.,Assisted suicide gives dignity to the person that wants to commit it,['Ġwith'],0.10209283232688904
`people reach their limit when it comes to their quality of life and should be able to end their suffering. this can be done with little or no suffering by assistance and the person is able to say good bye.,Assisted suicide gives dignity to the person that wants to commit it,['Ġlittle'],0.03635524585843086
`people reach their limit when it comes to their quality of life and should be able to end their suffering. this can be done with little or no suffering by assistance and the person is able to say good bye.,Assisted suicide gives dignity to the person that wants to commit it,['Ġor'],0.25066637992858887
`people reach their limit when it comes to their quality of life and should be able to end their suffering. this can be done with little or no suffering by assistance and the person is able to say good bye.,Assisted suicide gives dignity to the person that wants to commit it,['Ġno'],0.15435777604579926
`people reach their limit when it comes to their quality of life and should be able to end their suffering. this can be done with little or no suffering by assistance and the person is able to say good bye.,Assisted suicide gives dignity to the person that wants to commit it,['Ġsuffering'],0.04962439462542534
`people reach their limit when it comes to their quality of life and should be able to end their suffering. this can be done with little or no suffering by assistance and the person is able to say good bye.,Assisted suicide gives dignity to the person that wants to commit it,['Ġby'],0.2220175564289093
`people reach their limit when it comes to their quality of life and should be able to end their suffering. this can be done with little or no suffering by assistance and the person is able to say good bye.,Assisted suicide gives dignity to the person that wants to commit it,['Ġassistance'],0.1125178188085556
`people reach their limit when it comes to their quality of life and should be able to end their suffering. this can be done with little or no suffering by assistance and the person is able to say good bye.,Assisted suicide gives dignity to the person that wants to commit it,['Ġand'],0.049810413271188736
`people reach their limit when it comes to their quality of life and should be able to end their suffering. this can be done with little or no suffering by assistance and the person is able to say good bye.,Assisted suicide gives dignity to the person that wants to commit it,['Ġthe'],0.061182744801044464
`people reach their limit when it comes to their quality of life and should be able to end their suffering. this can be done with little or no suffering by assistance and the person is able to say good bye.,Assisted suicide gives dignity to the person that wants to commit it,['Ġperson'],0.052930429577827454
`people reach their limit when it comes to their quality of life and should be able to end their suffering. this can be done with little or no suffering by assistance and the person is able to say good bye.,Assisted suicide gives dignity to the person that wants to commit it,['Ġis'],0.05009488761425018
`people reach their limit when it comes to their quality of life and should be able to end their suffering. this can be done with little or no suffering by assistance and the person is able to say good bye.,Assisted suicide gives dignity to the person that wants to commit it,['Ġable'],0.05822955444455147
`people reach their limit when it comes to their quality of life and should be able to end their suffering. this can be done with little or no suffering by assistance and the person is able to say good bye.,Assisted suicide gives dignity to the person that wants to commit it,['Ġto'],0.17615875601768494
`people reach their limit when it comes to their quality of life and should be able to end their suffering. this can be done with little or no suffering by assistance and the person is able to say good bye.,Assisted suicide gives dignity to the person that wants to commit it,['Ġsay'],0.06973667442798615
`people reach their limit when it comes to their quality of life and should be able to end their suffering. this can be done with little or no suffering by assistance and the person is able to say good bye.,Assisted suicide gives dignity to the person that wants to commit it,['Ġgood'],0.21175767481327057
`people reach their limit when it comes to their quality of life and should be able to end their suffering. this can be done with little or no suffering by assistance and the person is able to say good bye.,Assisted suicide gives dignity to the person that wants to commit it,['Ġbye'],0.2630680203437805
`people reach their limit when it comes to their quality of life and should be able to end their suffering. this can be done with little or no suffering by assistance and the person is able to say good bye.,Assisted suicide gives dignity to the person that wants to commit it,[],0.2112453132867813
`people reach their limit when it comes to their quality of life and should be able to end their suffering. this can be done with little or no suffering by assistance and the person is able to say good bye.,Assisted suicide gives dignity to the person that wants to commit it,[],0.2112453132867813
a cure or treatment may be discovered shortly after having ended someone's life unnecessarily.,Assisted suicide allows people to solicit someone to die to their own benefit,[],0.024188678711652756
a cure or treatment may be discovered shortly after having ended someone's life unnecessarily.,Assisted suicide allows people to solicit someone to die to their own benefit,['a'],0.014352010563015938
a cure or treatment may be discovered shortly after having ended someone's life unnecessarily.,Assisted suicide allows people to solicit someone to die to their own benefit,['Ġcure'],0.016993895173072815
a cure or treatment may be discovered shortly after having ended someone's life unnecessarily.,Assisted suicide allows people to solicit someone to die to their own benefit,['Ġor'],0.01363701093941927
a cure or treatment may be discovered shortly after having ended someone's life unnecessarily.,Assisted suicide allows people to solicit someone to die to their own benefit,['Ġtreatment'],0.017628824338316917
a cure or treatment may be discovered shortly after having ended someone's life unnecessarily.,Assisted suicide allows people to solicit someone to die to their own benefit,['Ġmay'],0.01797543093562126
a cure or treatment may be discovered shortly after having ended someone's life unnecessarily.,Assisted suicide allows people to solicit someone to die to their own benefit,['Ġbe'],0.02048383094370365
a cure or treatment may be discovered shortly after having ended someone's life unnecessarily.,Assisted suicide allows people to solicit someone to die to their own benefit,['Ġdiscovered'],0.014490443281829357
a cure or treatment may be discovered shortly after having ended someone's life unnecessarily.,Assisted suicide allows people to solicit someone to die to their own benefit,['Ġshortly'],0.015733640640974045
a cure or treatment may be discovered shortly after having ended someone's life unnecessarily.,Assisted suicide allows people to solicit someone to die to their own benefit,['Ġafter'],0.03154611214995384
a cure or treatment may be discovered shortly after having ended someone's life unnecessarily.,Assisted suicide allows people to solicit someone to die to their own benefit,['Ġhaving'],0.03113608807325363
a cure or treatment may be discovered shortly after having ended someone's life unnecessarily.,Assisted suicide allows people to solicit someone to die to their own benefit,['Ġended'],0.017323987558484077
a cure or treatment may be discovered shortly after having ended someone's life unnecessarily.,Assisted suicide allows people to solicit someone to die to their own benefit,"['Ġsomeone', ""'s""]",0.015477165579795837
a cure or treatment may be discovered shortly after having ended someone's life unnecessarily.,Assisted suicide allows people to solicit someone to die to their own benefit,"[""'s""]",0.018901009112596512
a cure or treatment may be discovered shortly after having ended someone's life unnecessarily.,Assisted suicide allows people to solicit someone to die to their own benefit,['Ġlife'],0.019357383251190186
a cure or treatment may be discovered shortly after having ended someone's life unnecessarily.,Assisted suicide allows people to solicit someone to die to their own benefit,['Ġunnecessarily'],0.027094166725873947
a cure or treatment may be discovered shortly after having ended someone's life unnecessarily.,Assisted suicide allows people to solicit someone to die to their own benefit,[],0.024188678711652756
a cure or treatment may be discovered shortly after having ended someone's life unnecessarily.,Assisted suicide allows people to solicit someone to die to their own benefit,[],0.024188678711652756
a cure or treatment may be discovered shortly after having ended someone's life unnecessarily.,Assisted suicide is akin to killing someone,[],0.34720414876937866
a cure or treatment may be discovered shortly after having ended someone's life unnecessarily.,Assisted suicide is akin to killing someone,['a'],0.2660726010799408
a cure or treatment may be discovered shortly after having ended someone's life unnecessarily.,Assisted suicide is akin to killing someone,['Ġcure'],0.18848027288913727
a cure or treatment may be discovered shortly after having ended someone's life unnecessarily.,Assisted suicide is akin to killing someone,['Ġor'],0.27071893215179443
a cure or treatment may be discovered shortly after having ended someone's life unnecessarily.,Assisted suicide is akin to killing someone,['Ġtreatment'],0.2321268916130066
a cure or treatment may be discovered shortly after having ended someone's life unnecessarily.,Assisted suicide is akin to killing someone,['Ġmay'],0.2529046833515167
a cure or treatment may be discovered shortly after having ended someone's life unnecessarily.,Assisted suicide is akin to killing someone,['Ġbe'],0.27350667119026184
a cure or treatment may be discovered shortly after having ended someone's life unnecessarily.,Assisted suicide is akin to killing someone,['Ġdiscovered'],0.21280458569526672
a cure or treatment may be discovered shortly after having ended someone's life unnecessarily.,Assisted suicide is akin to killing someone,['Ġshortly'],0.27866238355636597
a cure or treatment may be discovered shortly after having ended someone's life unnecessarily.,Assisted suicide is akin to killing someone,['Ġafter'],0.2836879789829254
a cure or treatment may be discovered shortly after having ended someone's life unnecessarily.,Assisted suicide is akin to killing someone,['Ġhaving'],0.3260559141635895
a cure or treatment may be discovered shortly after having ended someone's life unnecessarily.,Assisted suicide is akin to killing someone,['Ġended'],0.25122836232185364
a cure or treatment may be discovered shortly after having ended someone's life unnecessarily.,Assisted suicide is akin to killing someone,"['Ġsomeone', ""'s""]",0.2785561680793762
a cure or treatment may be discovered shortly after having ended someone's life unnecessarily.,Assisted suicide is akin to killing someone,"[""'s""]",0.33501315116882324
a cure or treatment may be discovered shortly after having ended someone's life unnecessarily.,Assisted suicide is akin to killing someone,['Ġlife'],0.28028616309165955
a cure or treatment may be discovered shortly after having ended someone's life unnecessarily.,Assisted suicide is akin to killing someone,['Ġunnecessarily'],0.45203423500061035
a cure or treatment may be discovered shortly after having ended someone's life unnecessarily.,Assisted suicide is akin to killing someone,[],0.34720414876937866
a cure or treatment may be discovered shortly after having ended someone's life unnecessarily.,Assisted suicide is akin to killing someone,[],0.34720414876937866
a cure or treatment may be discovered shortly after having ended someone's life unnecessarily.,Assisted suicide should not be allowed because many times people can still get better,[],0.004507825244218111
a cure or treatment may be discovered shortly after having ended someone's life unnecessarily.,Assisted suicide should not be allowed because many times people can still get better,['a'],0.0036636681761592627
a cure or treatment may be discovered shortly after having ended someone's life unnecessarily.,Assisted suicide should not be allowed because many times people can still get better,['Ġcure'],0.0028785590548068285
a cure or treatment may be discovered shortly after having ended someone's life unnecessarily.,Assisted suicide should not be allowed because many times people can still get better,['Ġor'],0.00415441207587719
a cure or treatment may be discovered shortly after having ended someone's life unnecessarily.,Assisted suicide should not be allowed because many times people can still get better,['Ġtreatment'],0.00419594207778573
a cure or treatment may be discovered shortly after having ended someone's life unnecessarily.,Assisted suicide should not be allowed because many times people can still get better,['Ġmay'],0.0037036952562630177
a cure or treatment may be discovered shortly after having ended someone's life unnecessarily.,Assisted suicide should not be allowed because many times people can still get better,['Ġbe'],0.004723449237644672
a cure or treatment may be discovered shortly after having ended someone's life unnecessarily.,Assisted suicide should not be allowed because many times people can still get better,['Ġdiscovered'],0.002685978077352047
a cure or treatment may be discovered shortly after having ended someone's life unnecessarily.,Assisted suicide should not be allowed because many times people can still get better,['Ġshortly'],0.0029898902866989374
a cure or treatment may be discovered shortly after having ended someone's life unnecessarily.,Assisted suicide should not be allowed because many times people can still get better,['Ġafter'],0.0037910649552941322
a cure or treatment may be discovered shortly after having ended someone's life unnecessarily.,Assisted suicide should not be allowed because many times people can still get better,['Ġhaving'],0.003044434357434511
a cure or treatment may be discovered shortly after having ended someone's life unnecessarily.,Assisted suicide should not be allowed because many times people can still get better,['Ġended'],0.003745194524526596
a cure or treatment may be discovered shortly after having ended someone's life unnecessarily.,Assisted suicide should not be allowed because many times people can still get better,"['Ġsomeone', ""'s""]",0.00323087046854198
a cure or treatment may be discovered shortly after having ended someone's life unnecessarily.,Assisted suicide should not be allowed because many times people can still get better,"[""'s""]",0.004159789532423019
a cure or treatment may be discovered shortly after having ended someone's life unnecessarily.,Assisted suicide should not be allowed because many times people can still get better,['Ġlife'],0.0037095719017088413
a cure or treatment may be discovered shortly after having ended someone's life unnecessarily.,Assisted suicide should not be allowed because many times people can still get better,['Ġunnecessarily'],0.003960032947361469
a cure or treatment may be discovered shortly after having ended someone's life unnecessarily.,Assisted suicide should not be allowed because many times people can still get better,[],0.004507825244218111
a cure or treatment may be discovered shortly after having ended someone's life unnecessarily.,Assisted suicide should not be allowed because many times people can still get better,[],0.004507825244218111
a cure or treatment may be discovered shortly after having ended someone's life unnecessarily.,Assisted suicide violates the doctor's role,[],0.0027762819081544876
a cure or treatment may be discovered shortly after having ended someone's life unnecessarily.,Assisted suicide violates the doctor's role,['a'],0.0021089722868055105
a cure or treatment may be discovered shortly after having ended someone's life unnecessarily.,Assisted suicide violates the doctor's role,['Ġcure'],0.0018175687873736024
a cure or treatment may be discovered shortly after having ended someone's life unnecessarily.,Assisted suicide violates the doctor's role,['Ġor'],0.0019685537554323673
a cure or treatment may be discovered shortly after having ended someone's life unnecessarily.,Assisted suicide violates the doctor's role,['Ġtreatment'],0.00205375999212265
a cure or treatment may be discovered shortly after having ended someone's life unnecessarily.,Assisted suicide violates the doctor's role,['Ġmay'],0.00294291228055954
a cure or treatment may be discovered shortly after having ended someone's life unnecessarily.,Assisted suicide violates the doctor's role,['Ġbe'],0.003069899510592222
a cure or treatment may be discovered shortly after having ended someone's life unnecessarily.,Assisted suicide violates the doctor's role,['Ġdiscovered'],0.0019259167602285743
a cure or treatment may be discovered shortly after having ended someone's life unnecessarily.,Assisted suicide violates the doctor's role,['Ġshortly'],0.0016841621836647391
a cure or treatment may be discovered shortly after having ended someone's life unnecessarily.,Assisted suicide violates the doctor's role,['Ġafter'],0.0022677734959870577
a cure or treatment may be discovered shortly after having ended someone's life unnecessarily.,Assisted suicide violates the doctor's role,['Ġhaving'],0.0022239035461097956
a cure or treatment may be discovered shortly after having ended someone's life unnecessarily.,Assisted suicide violates the doctor's role,['Ġended'],0.002807586221024394
a cure or treatment may be discovered shortly after having ended someone's life unnecessarily.,Assisted suicide violates the doctor's role,"['Ġsomeone', ""'s""]",0.002365772146731615
a cure or treatment may be discovered shortly after having ended someone's life unnecessarily.,Assisted suicide violates the doctor's role,"[""'s""]",0.0028215358033776283
a cure or treatment may be discovered shortly after having ended someone's life unnecessarily.,Assisted suicide violates the doctor's role,['Ġlife'],0.002706865780055523
a cure or treatment may be discovered shortly after having ended someone's life unnecessarily.,Assisted suicide violates the doctor's role,['Ġunnecessarily'],0.0021023910958319902
a cure or treatment may be discovered shortly after having ended someone's life unnecessarily.,Assisted suicide violates the doctor's role,[],0.0027762819081544876
a cure or treatment may be discovered shortly after having ended someone's life unnecessarily.,Assisted suicide violates the doctor's role,[],0.0027762819081544876
a cure or treatment may be discovered shortly after having ended someone's life unnecessarily.,People do not have the right to self-harm/harm others,[],0.01517448015511036
a cure or treatment may be discovered shortly after having ended someone's life unnecessarily.,People do not have the right to self-harm/harm others,['a'],0.017102569341659546
a cure or treatment may be discovered shortly after having ended someone's life unnecessarily.,People do not have the right to self-harm/harm others,['Ġcure'],0.011553898453712463
a cure or treatment may be discovered shortly after having ended someone's life unnecessarily.,People do not have the right to self-harm/harm others,['Ġor'],0.01580587401986122
a cure or treatment may be discovered shortly after having ended someone's life unnecessarily.,People do not have the right to self-harm/harm others,['Ġtreatment'],0.01732170581817627
a cure or treatment may be discovered shortly after having ended someone's life unnecessarily.,People do not have the right to self-harm/harm others,['Ġmay'],0.01624848134815693
a cure or treatment may be discovered shortly after having ended someone's life unnecessarily.,People do not have the right to self-harm/harm others,['Ġbe'],0.016340453177690506
a cure or treatment may be discovered shortly after having ended someone's life unnecessarily.,People do not have the right to self-harm/harm others,['Ġdiscovered'],0.01296637300401926
a cure or treatment may be discovered shortly after having ended someone's life unnecessarily.,People do not have the right to self-harm/harm others,['Ġshortly'],0.014866869896650314
a cure or treatment may be discovered shortly after having ended someone's life unnecessarily.,People do not have the right to self-harm/harm others,['Ġafter'],0.01892719604074955
a cure or treatment may be discovered shortly after having ended someone's life unnecessarily.,People do not have the right to self-harm/harm others,['Ġhaving'],0.013267752714455128
a cure or treatment may be discovered shortly after having ended someone's life unnecessarily.,People do not have the right to self-harm/harm others,['Ġended'],0.020727580413222313
a cure or treatment may be discovered shortly after having ended someone's life unnecessarily.,People do not have the right to self-harm/harm others,"['Ġsomeone', ""'s""]",0.012455323711037636
a cure or treatment may be discovered shortly after having ended someone's life unnecessarily.,People do not have the right to self-harm/harm others,"[""'s""]",0.025033706799149513
a cure or treatment may be discovered shortly after having ended someone's life unnecessarily.,People do not have the right to self-harm/harm others,['Ġlife'],0.018737899139523506
a cure or treatment may be discovered shortly after having ended someone's life unnecessarily.,People do not have the right to self-harm/harm others,['Ġunnecessarily'],0.01645655184984207
a cure or treatment may be discovered shortly after having ended someone's life unnecessarily.,People do not have the right to self-harm/harm others,[],0.01517448015511036
a cure or treatment may be discovered shortly after having ended someone's life unnecessarily.,People do not have the right to self-harm/harm others,[],0.01517448015511036
a cure or treatment may be discovered shortly after having ended someone's life unnecessarily.,People who are ill do not have clear judgement and are in need of help,[],0.004711695946753025
a cure or treatment may be discovered shortly after having ended someone's life unnecessarily.,People who are ill do not have clear judgement and are in need of help,['a'],0.005676807835698128
a cure or treatment may be discovered shortly after having ended someone's life unnecessarily.,People who are ill do not have clear judgement and are in need of help,['Ġcure'],0.006123828236013651
a cure or treatment may be discovered shortly after having ended someone's life unnecessarily.,People who are ill do not have clear judgement and are in need of help,['Ġor'],0.0037503656931221485
a cure or treatment may be discovered shortly after having ended someone's life unnecessarily.,People who are ill do not have clear judgement and are in need of help,['Ġtreatment'],0.004921711981296539
a cure or treatment may be discovered shortly after having ended someone's life unnecessarily.,People who are ill do not have clear judgement and are in need of help,['Ġmay'],0.004310667514801025
a cure or treatment may be discovered shortly after having ended someone's life unnecessarily.,People who are ill do not have clear judgement and are in need of help,['Ġbe'],0.004697001539170742
a cure or treatment may be discovered shortly after having ended someone's life unnecessarily.,People who are ill do not have clear judgement and are in need of help,['Ġdiscovered'],0.005236105993390083
a cure or treatment may be discovered shortly after having ended someone's life unnecessarily.,People who are ill do not have clear judgement and are in need of help,['Ġshortly'],0.003590115811675787
a cure or treatment may be discovered shortly after having ended someone's life unnecessarily.,People who are ill do not have clear judgement and are in need of help,['Ġafter'],0.0038457803893834352
a cure or treatment may be discovered shortly after having ended someone's life unnecessarily.,People who are ill do not have clear judgement and are in need of help,['Ġhaving'],0.004335009027272463
a cure or treatment may be discovered shortly after having ended someone's life unnecessarily.,People who are ill do not have clear judgement and are in need of help,['Ġended'],0.005330417305231094
a cure or treatment may be discovered shortly after having ended someone's life unnecessarily.,People who are ill do not have clear judgement and are in need of help,"['Ġsomeone', ""'s""]",0.0037134967278689146
a cure or treatment may be discovered shortly after having ended someone's life unnecessarily.,People who are ill do not have clear judgement and are in need of help,"[""'s""]",0.004598814994096756
a cure or treatment may be discovered shortly after having ended someone's life unnecessarily.,People who are ill do not have clear judgement and are in need of help,['Ġlife'],0.004685568157583475
a cure or treatment may be discovered shortly after having ended someone's life unnecessarily.,People who are ill do not have clear judgement and are in need of help,['Ġunnecessarily'],0.00425396952778101
a cure or treatment may be discovered shortly after having ended someone's life unnecessarily.,People who are ill do not have clear judgement and are in need of help,[],0.004711695946753025
a cure or treatment may be discovered shortly after having ended someone's life unnecessarily.,People who are ill do not have clear judgement and are in need of help,[],0.004711695946753025
"A patient should be able to decide when they have had enough ""care"".",Assisted suicide gives dignity to the person that wants to commit it,[],0.007765678223222494
"A patient should be able to decide when they have had enough ""care"".",Assisted suicide gives dignity to the person that wants to commit it,['A'],0.005551725625991821
"A patient should be able to decide when they have had enough ""care"".",Assisted suicide gives dignity to the person that wants to commit it,['Ġpatient'],0.004118983168154955
"A patient should be able to decide when they have had enough ""care"".",Assisted suicide gives dignity to the person that wants to commit it,['Ġshould'],0.007992216385900974
"A patient should be able to decide when they have had enough ""care"".",Assisted suicide gives dignity to the person that wants to commit it,['Ġbe'],0.006200090516358614
"A patient should be able to decide when they have had enough ""care"".",Assisted suicide gives dignity to the person that wants to commit it,['Ġable'],0.008074088022112846
"A patient should be able to decide when they have had enough ""care"".",Assisted suicide gives dignity to the person that wants to commit it,['Ġto'],0.006559548433870077
"A patient should be able to decide when they have had enough ""care"".",Assisted suicide gives dignity to the person that wants to commit it,['Ġdecide'],0.007949777878820896
"A patient should be able to decide when they have had enough ""care"".",Assisted suicide gives dignity to the person that wants to commit it,['Ġwhen'],0.005813027266412973
"A patient should be able to decide when they have had enough ""care"".",Assisted suicide gives dignity to the person that wants to commit it,['Ġthey'],0.005779934115707874
"A patient should be able to decide when they have had enough ""care"".",Assisted suicide gives dignity to the person that wants to commit it,['Ġhave'],0.004815341904759407
"A patient should be able to decide when they have had enough ""care"".",Assisted suicide gives dignity to the person that wants to commit it,['Ġhad'],0.003873917507007718
"A patient should be able to decide when they have had enough ""care"".",Assisted suicide gives dignity to the person that wants to commit it,['Ġenough'],0.007691287901252508
"A patient should be able to decide when they have had enough ""care"".",Assisted suicide gives dignity to the person that wants to commit it,"['Ġ""', 'care', '"".']",0.006268004886806011
"A patient should be able to decide when they have had enough ""care"".",Assisted suicide gives dignity to the person that wants to commit it,"['care', '"".']",0.006133730988949537
"A patient should be able to decide when they have had enough ""care"".",Assisted suicide gives dignity to the person that wants to commit it,"['"".']",0.010656844824552536
"A patient should be able to decide when they have had enough ""care"".",Assisted suicide gives dignity to the person that wants to commit it,[],0.007765678223222494
"A patient should be able to decide when they have had enough ""care"".",Assisted suicide reduces suffering,[],0.005275404546409845
"A patient should be able to decide when they have had enough ""care"".",Assisted suicide reduces suffering,['A'],0.003999229054898024
"A patient should be able to decide when they have had enough ""care"".",Assisted suicide reduces suffering,['Ġpatient'],0.004871121607720852
"A patient should be able to decide when they have had enough ""care"".",Assisted suicide reduces suffering,['Ġshould'],0.006352555006742477
"A patient should be able to decide when they have had enough ""care"".",Assisted suicide reduces suffering,['Ġbe'],0.004437207709997892
"A patient should be able to decide when they have had enough ""care"".",Assisted suicide reduces suffering,['Ġable'],0.005071374122053385
"A patient should be able to decide when they have had enough ""care"".",Assisted suicide reduces suffering,['Ġto'],0.004449927248060703
"A patient should be able to decide when they have had enough ""care"".",Assisted suicide reduces suffering,['Ġdecide'],0.004630556330084801
"A patient should be able to decide when they have had enough ""care"".",Assisted suicide reduces suffering,['Ġwhen'],0.004379525780677795
"A patient should be able to decide when they have had enough ""care"".",Assisted suicide reduces suffering,['Ġthey'],0.0036334816832095385
"A patient should be able to decide when they have had enough ""care"".",Assisted suicide reduces suffering,['Ġhave'],0.0031525534577667713
"A patient should be able to decide when they have had enough ""care"".",Assisted suicide reduces suffering,['Ġhad'],0.0023424262180924416
"A patient should be able to decide when they have had enough ""care"".",Assisted suicide reduces suffering,['Ġenough'],0.004193250555545092
"A patient should be able to decide when they have had enough ""care"".",Assisted suicide reduces suffering,"['Ġ""', 'care', '"".']",0.007532862946391106
"A patient should be able to decide when they have had enough ""care"".",Assisted suicide reduces suffering,"['care', '"".']",0.004123958759009838
"A patient should be able to decide when they have had enough ""care"".",Assisted suicide reduces suffering,"['"".']",0.014142604544758797
"A patient should be able to decide when they have had enough ""care"".",Assisted suicide reduces suffering,[],0.005275404546409845
"A patient should be able to decide when they have had enough ""care"".",People should have the freedom to choose to end their life,[],0.32146021723747253
"A patient should be able to decide when they have had enough ""care"".",People should have the freedom to choose to end their life,['A'],0.2400573045015335
"A patient should be able to decide when they have had enough ""care"".",People should have the freedom to choose to end their life,['Ġpatient'],0.10317634791135788
"A patient should be able to decide when they have had enough ""care"".",People should have the freedom to choose to end their life,['Ġshould'],0.2009827196598053
"A patient should be able to decide when they have had enough ""care"".",People should have the freedom to choose to end their life,['Ġbe'],0.307005912065506
"A patient should be able to decide when they have had enough ""care"".",People should have the freedom to choose to end their life,['Ġable'],0.2389361709356308
"A patient should be able to decide when they have had enough ""care"".",People should have the freedom to choose to end their life,['Ġto'],0.30262091755867004
"A patient should be able to decide when they have had enough ""care"".",People should have the freedom to choose to end their life,['Ġdecide'],0.556066632270813
"A patient should be able to decide when they have had enough ""care"".",People should have the freedom to choose to end their life,['Ġwhen'],0.2148786187171936
"A patient should be able to decide when they have had enough ""care"".",People should have the freedom to choose to end their life,['Ġthey'],0.22388708591461182
"A patient should be able to decide when they have had enough ""care"".",People should have the freedom to choose to end their life,['Ġhave'],0.2648715674877167
"A patient should be able to decide when they have had enough ""care"".",People should have the freedom to choose to end their life,['Ġhad'],0.19740940630435944
"A patient should be able to decide when they have had enough ""care"".",People should have the freedom to choose to end their life,['Ġenough'],0.12140438705682755
"A patient should be able to decide when they have had enough ""care"".",People should have the freedom to choose to end their life,"['Ġ""', 'care', '"".']",0.6855282187461853
"A patient should be able to decide when they have had enough ""care"".",People should have the freedom to choose to end their life,"['care', '"".']",0.42078083753585815
"A patient should be able to decide when they have had enough ""care"".",People should have the freedom to choose to end their life,"['"".']",0.32602056860923767
"A patient should be able to decide when they have had enough ""care"".",People should have the freedom to choose to end their life,[],0.32146021723747253
"a person has the right to end their suffering and if somebody takes pity on them and chooses to help, that person should not be punished.",Assisted suicide gives dignity to the person that wants to commit it,[],0.013803420588374138
"a person has the right to end their suffering and if somebody takes pity on them and chooses to help, that person should not be punished.",Assisted suicide gives dignity to the person that wants to commit it,['a'],0.006719984579831362
"a person has the right to end their suffering and if somebody takes pity on them and chooses to help, that person should not be punished.",Assisted suicide gives dignity to the person that wants to commit it,['Ġperson'],0.016388550400733948
"a person has the right to end their suffering and if somebody takes pity on them and chooses to help, that person should not be punished.",Assisted suicide gives dignity to the person that wants to commit it,['Ġhas'],0.012193627655506134
"a person has the right to end their suffering and if somebody takes pity on them and chooses to help, that person should not be punished.",Assisted suicide gives dignity to the person that wants to commit it,['Ġthe'],0.012412655167281628
"a person has the right to end their suffering and if somebody takes pity on them and chooses to help, that person should not be punished.",Assisted suicide gives dignity to the person that wants to commit it,['Ġright'],0.01286761462688446
"a person has the right to end their suffering and if somebody takes pity on them and chooses to help, that person should not be punished.",Assisted suicide gives dignity to the person that wants to commit it,['Ġto'],0.011340956203639507
"a person has the right to end their suffering and if somebody takes pity on them and chooses to help, that person should not be punished.",Assisted suicide gives dignity to the person that wants to commit it,['Ġend'],0.010752040892839432
"a person has the right to end their suffering and if somebody takes pity on them and chooses to help, that person should not be punished.",Assisted suicide gives dignity to the person that wants to commit it,['Ġtheir'],0.01081579364836216
"a person has the right to end their suffering and if somebody takes pity on them and chooses to help, that person should not be punished.",Assisted suicide gives dignity to the person that wants to commit it,['Ġsuffering'],0.01030175294727087
"a person has the right to end their suffering and if somebody takes pity on them and chooses to help, that person should not be punished.",Assisted suicide gives dignity to the person that wants to commit it,['Ġand'],0.014389236457645893
"a person has the right to end their suffering and if somebody takes pity on them and chooses to help, that person should not be punished.",Assisted suicide gives dignity to the person that wants to commit it,['Ġif'],0.01581897959113121
"a person has the right to end their suffering and if somebody takes pity on them and chooses to help, that person should not be punished.",Assisted suicide gives dignity to the person that wants to commit it,['Ġsomebody'],0.009441484697163105
"a person has the right to end their suffering and if somebody takes pity on them and chooses to help, that person should not be punished.",Assisted suicide gives dignity to the person that wants to commit it,['Ġtakes'],0.011330009438097477
"a person has the right to end their suffering and if somebody takes pity on them and chooses to help, that person should not be punished.",Assisted suicide gives dignity to the person that wants to commit it,['Ġpity'],0.004790990147739649
"a person has the right to end their suffering and if somebody takes pity on them and chooses to help, that person should not be punished.",Assisted suicide gives dignity to the person that wants to commit it,['Ġon'],0.011055314913392067
"a person has the right to end their suffering and if somebody takes pity on them and chooses to help, that person should not be punished.",Assisted suicide gives dignity to the person that wants to commit it,['Ġthem'],0.005711186211556196
"a person has the right to end their suffering and if somebody takes pity on them and chooses to help, that person should not be punished.",Assisted suicide gives dignity to the person that wants to commit it,['Ġand'],0.007393679581582546
"a person has the right to end their suffering and if somebody takes pity on them and chooses to help, that person should not be punished.",Assisted suicide gives dignity to the person that wants to commit it,['Ġchooses'],0.002907698741182685
"a person has the right to end their suffering and if somebody takes pity on them and chooses to help, that person should not be punished.",Assisted suicide gives dignity to the person that wants to commit it,['Ġto'],0.005142429377883673
"a person has the right to end their suffering and if somebody takes pity on them and chooses to help, that person should not be punished.",Assisted suicide gives dignity to the person that wants to commit it,['Ġhelp'],0.005471932701766491
"a person has the right to end their suffering and if somebody takes pity on them and chooses to help, that person should not be punished.",Assisted suicide gives dignity to the person that wants to commit it,[],0.013803420588374138
"a person has the right to end their suffering and if somebody takes pity on them and chooses to help, that person should not be punished.",Assisted suicide gives dignity to the person that wants to commit it,['Ġthat'],0.014616693370044231
"a person has the right to end their suffering and if somebody takes pity on them and chooses to help, that person should not be punished.",Assisted suicide gives dignity to the person that wants to commit it,['Ġperson'],0.019920766353607178
"a person has the right to end their suffering and if somebody takes pity on them and chooses to help, that person should not be punished.",Assisted suicide gives dignity to the person that wants to commit it,['Ġshould'],0.03903155028820038
"a person has the right to end their suffering and if somebody takes pity on them and chooses to help, that person should not be punished.",Assisted suicide gives dignity to the person that wants to commit it,['Ġnot'],0.01549074798822403
"a person has the right to end their suffering and if somebody takes pity on them and chooses to help, that person should not be punished.",Assisted suicide gives dignity to the person that wants to commit it,['Ġbe'],0.014091536402702332
"a person has the right to end their suffering and if somebody takes pity on them and chooses to help, that person should not be punished.",Assisted suicide gives dignity to the person that wants to commit it,['Ġpunished'],0.010763127356767654
"a person has the right to end their suffering and if somebody takes pity on them and chooses to help, that person should not be punished.",Assisted suicide gives dignity to the person that wants to commit it,[],0.013803420588374138
"a person has the right to end their suffering and if somebody takes pity on them and chooses to help, that person should not be punished.",Assisted suicide gives dignity to the person that wants to commit it,[],0.013803420588374138
"a person has the right to end their suffering and if somebody takes pity on them and chooses to help, that person should not be punished.",Assisted suicide reduces suffering,[],0.0022774210665374994
"a person has the right to end their suffering and if somebody takes pity on them and chooses to help, that person should not be punished.",Assisted suicide reduces suffering,['a'],0.0018986770883202553
"a person has the right to end their suffering and if somebody takes pity on them and chooses to help, that person should not be punished.",Assisted suicide reduces suffering,['Ġperson'],0.0029751828406006098
"a person has the right to end their suffering and if somebody takes pity on them and chooses to help, that person should not be punished.",Assisted suicide reduces suffering,['Ġhas'],0.0032487325370311737
"a person has the right to end their suffering and if somebody takes pity on them and chooses to help, that person should not be punished.",Assisted suicide reduces suffering,['Ġthe'],0.0027899700216948986
"a person has the right to end their suffering and if somebody takes pity on them and chooses to help, that person should not be punished.",Assisted suicide reduces suffering,['Ġright'],0.006241712719202042
"a person has the right to end their suffering and if somebody takes pity on them and chooses to help, that person should not be punished.",Assisted suicide reduces suffering,['Ġto'],0.002615206642076373
"a person has the right to end their suffering and if somebody takes pity on them and chooses to help, that person should not be punished.",Assisted suicide reduces suffering,['Ġend'],0.0005352243897505105
"a person has the right to end their suffering and if somebody takes pity on them and chooses to help, that person should not be punished.",Assisted suicide reduces suffering,['Ġtheir'],0.0019788260105997324
"a person has the right to end their suffering and if somebody takes pity on them and chooses to help, that person should not be punished.",Assisted suicide reduces suffering,['Ġsuffering'],0.0005503665306605399
"a person has the right to end their suffering and if somebody takes pity on them and chooses to help, that person should not be punished.",Assisted suicide reduces suffering,['Ġand'],0.008412834256887436
"a person has the right to end their suffering and if somebody takes pity on them and chooses to help, that person should not be punished.",Assisted suicide reduces suffering,['Ġif'],0.004259674344211817
"a person has the right to end their suffering and if somebody takes pity on them and chooses to help, that person should not be punished.",Assisted suicide reduces suffering,['Ġsomebody'],0.0018988850060850382
"a person has the right to end their suffering and if somebody takes pity on them and chooses to help, that person should not be punished.",Assisted suicide reduces suffering,['Ġtakes'],0.0019788213539868593
"a person has the right to end their suffering and if somebody takes pity on them and chooses to help, that person should not be punished.",Assisted suicide reduces suffering,['Ġpity'],0.001929805614054203
"a person has the right to end their suffering and if somebody takes pity on them and chooses to help, that person should not be punished.",Assisted suicide reduces suffering,['Ġon'],0.0018361612455919385
"a person has the right to end their suffering and if somebody takes pity on them and chooses to help, that person should not be punished.",Assisted suicide reduces suffering,['Ġthem'],0.0012621325440704823
"a person has the right to end their suffering and if somebody takes pity on them and chooses to help, that person should not be punished.",Assisted suicide reduces suffering,['Ġand'],0.0009924547048285604
"a person has the right to end their suffering and if somebody takes pity on them and chooses to help, that person should not be punished.",Assisted suicide reduces suffering,['Ġchooses'],0.0005959148984402418
"a person has the right to end their suffering and if somebody takes pity on them and chooses to help, that person should not be punished.",Assisted suicide reduces suffering,['Ġto'],0.0015514516271650791
"a person has the right to end their suffering and if somebody takes pity on them and chooses to help, that person should not be punished.",Assisted suicide reduces suffering,['Ġhelp'],0.00154852494597435
"a person has the right to end their suffering and if somebody takes pity on them and chooses to help, that person should not be punished.",Assisted suicide reduces suffering,[],0.0022774210665374994
"a person has the right to end their suffering and if somebody takes pity on them and chooses to help, that person should not be punished.",Assisted suicide reduces suffering,['Ġthat'],0.0048655299469828606
"a person has the right to end their suffering and if somebody takes pity on them and chooses to help, that person should not be punished.",Assisted suicide reduces suffering,['Ġperson'],0.005387090612202883
"a person has the right to end their suffering and if somebody takes pity on them and chooses to help, that person should not be punished.",Assisted suicide reduces suffering,['Ġshould'],0.006701774895191193
"a person has the right to end their suffering and if somebody takes pity on them and chooses to help, that person should not be punished.",Assisted suicide reduces suffering,['Ġnot'],0.0034970350097864866
"a person has the right to end their suffering and if somebody takes pity on them and chooses to help, that person should not be punished.",Assisted suicide reduces suffering,['Ġbe'],0.0021634669974446297
"a person has the right to end their suffering and if somebody takes pity on them and chooses to help, that person should not be punished.",Assisted suicide reduces suffering,['Ġpunished'],0.0022527766413986683
"a person has the right to end their suffering and if somebody takes pity on them and chooses to help, that person should not be punished.",Assisted suicide reduces suffering,[],0.0022774210665374994
"a person has the right to end their suffering and if somebody takes pity on them and chooses to help, that person should not be punished.",Assisted suicide reduces suffering,[],0.0022774210665374994
"a person has the right to end their suffering and if somebody takes pity on them and chooses to help, that person should not be punished.",The terminally ill would benefit from assisted suicide,[],0.0028172247111797333
"a person has the right to end their suffering and if somebody takes pity on them and chooses to help, that person should not be punished.",The terminally ill would benefit from assisted suicide,['a'],0.002177488524466753
"a person has the right to end their suffering and if somebody takes pity on them and chooses to help, that person should not be punished.",The terminally ill would benefit from assisted suicide,['Ġperson'],0.005731294397264719
"a person has the right to end their suffering and if somebody takes pity on them and chooses to help, that person should not be punished.",The terminally ill would benefit from assisted suicide,['Ġhas'],0.003197773825377226
"a person has the right to end their suffering and if somebody takes pity on them and chooses to help, that person should not be punished.",The terminally ill would benefit from assisted suicide,['Ġthe'],0.003400675253942609
"a person has the right to end their suffering and if somebody takes pity on them and chooses to help, that person should not be punished.",The terminally ill would benefit from assisted suicide,['Ġright'],0.0024275407195091248
"a person has the right to end their suffering and if somebody takes pity on them and chooses to help, that person should not be punished.",The terminally ill would benefit from assisted suicide,['Ġto'],0.0024950033985078335
"a person has the right to end their suffering and if somebody takes pity on them and chooses to help, that person should not be punished.",The terminally ill would benefit from assisted suicide,['Ġend'],0.0007275997195392847
"a person has the right to end their suffering and if somebody takes pity on them and chooses to help, that person should not be punished.",The terminally ill would benefit from assisted suicide,['Ġtheir'],0.004114130977541208
"a person has the right to end their suffering and if somebody takes pity on them and chooses to help, that person should not be punished.",The terminally ill would benefit from assisted suicide,['Ġsuffering'],0.0012552908156067133
"a person has the right to end their suffering and if somebody takes pity on them and chooses to help, that person should not be punished.",The terminally ill would benefit from assisted suicide,['Ġand'],0.0038668608758598566
"a person has the right to end their suffering and if somebody takes pity on them and chooses to help, that person should not be punished.",The terminally ill would benefit from assisted suicide,['Ġif'],0.002987169660627842
"a person has the right to end their suffering and if somebody takes pity on them and chooses to help, that person should not be punished.",The terminally ill would benefit from assisted suicide,['Ġsomebody'],0.001889109262265265
"a person has the right to end their suffering and if somebody takes pity on them and chooses to help, that person should not be punished.",The terminally ill would benefit from assisted suicide,['Ġtakes'],0.0024424614384770393
"a person has the right to end their suffering and if somebody takes pity on them and chooses to help, that person should not be punished.",The terminally ill would benefit from assisted suicide,['Ġpity'],0.002132269786670804
"a person has the right to end their suffering and if somebody takes pity on them and chooses to help, that person should not be punished.",The terminally ill would benefit from assisted suicide,['Ġon'],0.0026452867314219475
"a person has the right to end their suffering and if somebody takes pity on them and chooses to help, that person should not be punished.",The terminally ill would benefit from assisted suicide,['Ġthem'],0.0017866183770820498
"a person has the right to end their suffering and if somebody takes pity on them and chooses to help, that person should not be punished.",The terminally ill would benefit from assisted suicide,['Ġand'],0.0019109449349343777
"a person has the right to end their suffering and if somebody takes pity on them and chooses to help, that person should not be punished.",The terminally ill would benefit from assisted suicide,['Ġchooses'],0.0008530243649147451
"a person has the right to end their suffering and if somebody takes pity on them and chooses to help, that person should not be punished.",The terminally ill would benefit from assisted suicide,['Ġto'],0.0019149304134771228
"a person has the right to end their suffering and if somebody takes pity on them and chooses to help, that person should not be punished.",The terminally ill would benefit from assisted suicide,['Ġhelp'],0.001123953377828002
"a person has the right to end their suffering and if somebody takes pity on them and chooses to help, that person should not be punished.",The terminally ill would benefit from assisted suicide,[],0.0028172247111797333
"a person has the right to end their suffering and if somebody takes pity on them and chooses to help, that person should not be punished.",The terminally ill would benefit from assisted suicide,['Ġthat'],0.003406870411708951
"a person has the right to end their suffering and if somebody takes pity on them and chooses to help, that person should not be punished.",The terminally ill would benefit from assisted suicide,['Ġperson'],0.0037631653249263763
"a person has the right to end their suffering and if somebody takes pity on them and chooses to help, that person should not be punished.",The terminally ill would benefit from assisted suicide,['Ġshould'],0.003866583341732621
"a person has the right to end their suffering and if somebody takes pity on them and chooses to help, that person should not be punished.",The terminally ill would benefit from assisted suicide,['Ġnot'],0.0028756321407854557
"a person has the right to end their suffering and if somebody takes pity on them and chooses to help, that person should not be punished.",The terminally ill would benefit from assisted suicide,['Ġbe'],0.0025142678059637547
"a person has the right to end their suffering and if somebody takes pity on them and chooses to help, that person should not be punished.",The terminally ill would benefit from assisted suicide,['Ġpunished'],0.004036117810755968
"a person has the right to end their suffering and if somebody takes pity on them and chooses to help, that person should not be punished.",The terminally ill would benefit from assisted suicide,[],0.0028172247111797333
"a person has the right to end their suffering and if somebody takes pity on them and chooses to help, that person should not be punished.",The terminally ill would benefit from assisted suicide,[],0.0028172247111797333
a person should have the dignity to choose how they die,Assisted suicide reduces suffering,[],0.0026962861884385347
a person should have the dignity to choose how they die,Assisted suicide reduces suffering,['a'],0.0029465295374393463
a person should have the dignity to choose how they die,Assisted suicide reduces suffering,['Ġperson'],0.003670293604955077
a person should have the dignity to choose how they die,Assisted suicide reduces suffering,['Ġshould'],0.004009146708995104
a person should have the dignity to choose how they die,Assisted suicide reduces suffering,['Ġhave'],0.0034449673257768154
a person should have the dignity to choose how they die,Assisted suicide reduces suffering,['Ġthe'],0.0029319338500499725
a person should have the dignity to choose how they die,Assisted suicide reduces suffering,['Ġdignity'],0.004565878305584192
a person should have the dignity to choose how they die,Assisted suicide reduces suffering,['Ġto'],0.0026087304577231407
a person should have the dignity to choose how they die,Assisted suicide reduces suffering,['Ġchoose'],0.004009679891169071
a person should have the dignity to choose how they die,Assisted suicide reduces suffering,['Ġhow'],0.006349469535052776
a person should have the dignity to choose how they die,Assisted suicide reduces suffering,['Ġthey'],0.0029830222483724356
a person should have the dignity to choose how they die,Assisted suicide reduces suffering,['Ġdie'],0.004754902794957161
a person should have the dignity to choose how they die,Assisted suicide reduces suffering,[],0.0026962861884385347
a person should have the dignity to choose how they die,People should have the freedom to choose to end their life,[],0.9452595114707947
a person should have the dignity to choose how they die,People should have the freedom to choose to end their life,['a'],0.9514700174331665
a person should have the dignity to choose how they die,People should have the freedom to choose to end their life,['Ġperson'],0.9430826306343079
a person should have the dignity to choose how they die,People should have the freedom to choose to end their life,['Ġshould'],0.9460508227348328
a person should have the dignity to choose how they die,People should have the freedom to choose to end their life,['Ġhave'],0.9489387273788452
a person should have the dignity to choose how they die,People should have the freedom to choose to end their life,['Ġthe'],0.9541837573051453
a person should have the dignity to choose how they die,People should have the freedom to choose to end their life,['Ġdignity'],0.9689683318138123
a person should have the dignity to choose how they die,People should have the freedom to choose to end their life,['Ġto'],0.9451280832290649
a person should have the dignity to choose how they die,People should have the freedom to choose to end their life,['Ġchoose'],0.8995575308799744
a person should have the dignity to choose how they die,People should have the freedom to choose to end their life,['Ġhow'],0.9274948239326477
a person should have the dignity to choose how they die,People should have the freedom to choose to end their life,['Ġthey'],0.9536604285240173
a person should have the dignity to choose how they die,People should have the freedom to choose to end their life,['Ġdie'],0.007867725566029549
a person should have the dignity to choose how they die,People should have the freedom to choose to end their life,[],0.9452595114707947
